date,p_das_used,q10,q50,q90,step,month
2025-01-01,12.21,3.6988,4.1648,4.4748,1,1
2025-01-02,12.21,3.5833,3.9956,4.1965,1,1
2025-01-03,12.21,3.5748,3.9878,4.1559,1,1
2025-01-04,12.21,3.5831,3.9936,4.1584,1,1
2025-01-05,12.21,3.5938,4.0033,4.1645,1,1
2025-01-06,12.21,3.6,4.0082,4.168,1,1
2025-01-07,12.21,3.603,4.0098,4.1704,1,1
2025-01-08,12.21,3.6966,4.1665,4.4876,2,1
2025-01-09,12.21,3.6075,4.0136,4.2179,2,1
2025-01-10,12.21,3.5854,3.9922,4.1619,2,1
2025-01-11,12.21,3.5897,3.9966,4.1613,2,1
2025-01-12,12.21,3.5972,4.0045,4.1648,2,1
2025-01-13,12.21,3.6019,4.0088,4.1677,2,1
2025-01-14,12.21,3.6041,4.0101,4.17,2,1
2025-01-15,12.21,3.7467,4.2119,4.5432,3,1
2025-01-16,12.21,3.6299,4.0295,4.2365,3,1
2025-01-17,12.21,3.5942,3.9974,4.1658,3,1
2025-01-18,12.21,3.5934,3.9989,4.1614,3,1
2025-01-19,12.21,3.5985,4.0052,4.1639,3,1
2025-01-20,12.21,3.6024,4.009,4.1668,3,1
2025-01-21,12.21,3.6042,4.0101,4.1693,3,1
2025-01-22,12.21,3.6947,4.1652,4.4847,4,1
2025-01-23,12.21,3.6056,4.0127,4.2154,4,1
2025-01-24,12.21,3.5847,3.9921,4.1619,4,1
2025-01-25,12.21,3.5892,3.9963,4.1612,4,1
2025-01-26,12.21,3.597,4.0044,4.1648,4,1
2025-01-27,12.21,3.6018,4.0088,4.1677,4,1
2025-01-28,12.21,3.604,4.0101,4.17,4,1
2025-01-29,12.21,3.6697,4.1454,4.4586,5,1
2025-01-30,12.21,3.5857,3.9996,4.1974,5,1
2025-01-31,12.21,3.5761,3.9885,4.157,5,1
2025-02-01,11.88,3.5482,3.9436,4.1018,5,2
2025-02-02,11.88,3.5536,3.9493,4.1024,5,2
2025-02-03,11.88,3.5582,3.9529,4.1047,5,2
2025-02-04,11.88,3.5606,3.9542,4.1068,5,2
2025-02-05,11.88,3.6224,4.0813,4.3877,6,2
2025-02-06,11.88,3.5468,3.9463,4.137,6,2
2025-02-07,11.88,3.5348,3.9333,4.0942,6,2
2025-02-08,11.88,3.5424,3.9388,4.0959,6,2
2025-02-09,11.88,3.5521,3.9479,4.1009,6,2
2025-02-10,11.88,3.5577,3.9525,4.1041,6,2
2025-02-11,11.88,3.5603,3.9539,4.1063,6,2
2025-02-12,11.88,3.6225,4.0815,4.3879,7,2
2025-02-13,11.88,3.5467,3.9463,4.137,7,2
2025-02-14,11.88,3.5348,3.9333,4.0942,7,2
2025-02-15,11.88,3.5423,3.9388,4.0959,7,2
2025-02-16,11.88,3.5521,3.9479,4.1009,7,2
2025-02-17,11.88,3.5577,3.9525,4.1041,7,2
2025-02-18,11.88,3.5603,3.9539,4.1063,7,2
2025-02-19,11.88,3.6225,4.0815,4.3879,8,2
2025-02-20,11.88,3.5467,3.9463,4.137,8,2
2025-02-21,11.88,3.5348,3.9333,4.0942,8,2
2025-02-22,11.88,3.5423,3.9387,4.0959,8,2
2025-02-23,11.88,3.5521,3.9479,4.1009,8,2
2025-02-24,11.88,3.5577,3.9525,4.1041,8,2
2025-02-25,11.88,3.5603,3.9539,4.1063,8,2
2025-02-26,11.88,3.6225,4.0815,4.3879,9,2
2025-02-27,11.88,3.5467,3.9463,4.137,9,2
2025-02-28,11.88,3.5348,3.9333,4.0942,9,2
2025-03-01,10.76,3.4767,3.8261,3.963,9,3
2025-03-02,10.76,3.4734,3.826,3.9548,9,3
2025-03-03,10.76,3.475,3.8269,3.9547,9,3
2025-03-04,10.76,3.4762,3.8275,3.9562,9,3
2025-03-05,10.76,3.5195,3.9274,4.2111,10,3
2025-03-06,10.76,3.4647,3.8216,3.9877,10,3
2025-03-07,10.76,3.4509,3.8077,3.9435,10,3
2025-03-08,10.76,3.4585,3.8134,3.9458,10,3
2025-03-09,10.76,3.4673,3.8215,3.9501,10,3
2025-03-10,10.76,3.4723,3.8254,3.9528,10,3
2025-03-11,10.76,3.4746,3.8265,3.9547,10,3
2025-03-12,10.76,3.5199,3.9279,4.2117,11,3
2025-03-13,10.76,3.4644,3.8215,3.9876,11,3
2025-03-14,10.76,3.4508,3.8077,3.9434,11,3
2025-03-15,10.76,3.4584,3.8134,3.9458,11,3
2025-03-16,10.76,3.4672,3.8215,3.9501,11,3
2025-03-17,10.76,3.4723,3.8254,3.9528,11,3
2025-03-18,10.76,3.4745,3.8265,3.9547,11,3
2025-03-19,10.76,3.5199,3.9279,4.2117,12,3
2025-03-20,10.76,3.4644,3.8215,3.9876,12,3
2025-03-21,10.76,3.4508,3.8077,3.9434,12,3
2025-03-22,10.76,3.4584,3.8134,3.9458,12,3
2025-03-23,10.76,3.4672,3.8215,3.9501,12,3
2025-03-24,10.76,3.4723,3.8254,3.9528,12,3
2025-03-25,10.76,3.4745,3.8265,3.9547,12,3
2025-03-26,10.76,3.5199,3.928,4.2118,13,3
2025-03-27,10.76,3.4643,3.8215,3.9876,13,3
2025-03-28,10.76,3.4507,3.8078,3.9434,13,3
2025-03-29,10.76,3.4584,3.8134,3.9458,13,3
2025-03-30,10.76,3.4672,3.8214,3.9501,13,3
2025-03-31,10.76,3.4723,3.8254,3.9528,13,3
2025-04-01,7.57,3.5616,3.7956,3.8864,13,4
2025-04-02,7.57,3.5367,3.8183,4.0549,14,4
2025-04-03,7.57,3.541,3.7879,3.9052,14,4
2025-04-04,7.57,3.5263,3.7752,3.863,14,4
2025-04-05,7.57,3.5321,3.7801,3.8648,14,4
2025-04-06,7.57,3.5382,3.7857,3.867,14,4
2025-04-07,7.57,3.5416,3.7882,3.8684,14,4
2025-04-08,7.57,3.5429,3.7885,3.8696,14,4
2025-04-09,7.57,3.5441,3.8237,4.061,15,4
2025-04-10,7.57,3.5383,3.7867,3.9055,15,4
2025-04-11,7.57,3.5245,3.7751,3.8627,15,4
2025-04-12,7.57,3.5308,3.78,3.8646,15,4
2025-04-13,7.57,3.5374,3.7856,3.867,15,4
2025-04-14,7.57,3.5411,3.7881,3.8685,15,4
2025-04-15,7.57,3.5426,3.7884,3.8696,15,4
2025-04-16,7.57,3.5442,3.8239,4.0613,16,4
2025-04-17,7.57,3.5382,3.7867,3.9055,16,4
2025-04-18,7.57,3.5244,3.7751,3.8626,16,4
2025-04-19,7.57,3.5308,3.78,3.8646,16,4
2025-04-20,7.57,3.5374,3.7856,3.867,16,4
2025-04-21,7.57,3.5411,3.7881,3.8685,16,4
2025-04-22,7.57,3.5426,3.7884,3.8697,16,4
2025-04-23,7.57,3.5442,3.824,4.0614,17,4
2025-04-24,7.57,3.5381,3.7867,3.9055,17,4
2025-04-25,7.57,3.5244,3.7751,3.8626,17,4
2025-04-26,7.57,3.5308,3.78,3.8646,17,4
2025-04-27,7.57,3.5373,3.7856,3.867,17,4
2025-04-28,7.57,3.5411,3.7881,3.8685,17,4
2025-04-29,7.57,3.5426,3.7884,3.8696,17,4
2025-04-30,7.57,3.544,3.8245,4.062,18,4
2025-05-01,3.24,3.7694,3.8916,3.9908,18,5
2025-05-02,3.24,3.7725,3.8949,3.9649,18,5
2025-05-03,3.24,3.7807,3.9019,3.9701,18,5
2025-05-04,3.24,3.7842,3.9063,3.9703,18,5
2025-05-05,3.24,3.7853,3.9075,3.9696,18,5
2025-05-06,3.24,3.7853,3.907,3.9694,18,5
2025-05-07,3.24,3.7553,3.8968,4.1016,19,5
2025-05-08,3.24,3.7781,3.9024,4.002,19,5
2025-05-09,3.24,3.7734,3.9012,3.9708,19,5
2025-05-10,3.24,3.7768,3.9032,3.9694,19,5
2025-05-11,3.24,3.7806,3.9058,3.9689,19,5
2025-05-12,3.24,3.7828,3.9068,3.9688,19,5
2025-05-13,3.24,3.7837,3.9064,3.969,19,5
2025-05-14,3.24,3.7556,3.8973,4.1024,20,5
2025-05-15,3.24,3.7778,3.9025,4.0021,20,5
2025-05-16,3.24,3.7731,3.9013,3.9708,20,5
2025-05-17,3.24,3.7767,3.9032,3.9694,20,5
2025-05-18,3.24,3.7805,3.9058,3.9689,20,5
2025-05-19,3.24,3.7828,3.9068,3.9688,20,5
2025-05-20,3.24,3.7837,3.9064,3.969,20,5
2025-05-21,3.24,3.7557,3.8973,4.1024,21,5
2025-05-22,3.24,3.7778,3.9025,4.0021,21,5
2025-05-23,3.24,3.7731,3.9013,3.9708,21,5
2025-05-24,3.24,3.7767,3.9032,3.9694,21,5
2025-05-25,3.24,3.7804,3.9058,3.9689,21,5
2025-05-26,3.24,3.7828,3.9068,3.9688,21,5
2025-05-27,3.24,3.7837,3.9064,3.969,21,5
2025-05-28,3.24,3.7555,3.8977,4.1031,22,5
2025-05-29,3.24,3.7774,3.9027,4.0021,22,5
2025-05-30,3.24,3.7728,3.9013,3.9707,22,5
2025-05-31,3.24,3.7765,3.9031,3.9694,22,5
2025-06-01,3.55,3.7697,3.9032,3.9669,22,6
2025-06-02,3.55,3.7703,3.9029,3.9648,22,6
2025-06-03,3.55,3.7708,3.9022,3.9645,22,6
2025-06-04,3.55,3.7425,3.8947,4.1024,23,6
2025-06-05,3.55,3.7638,3.8994,3.998,23,6
2025-06-06,3.55,3.7584,3.8964,3.9653,23,6
2025-06-07,3.55,3.7628,3.8984,3.9644,23,6
2025-06-08,3.55,3.7672,3.9012,3.9643,23,6
2025-06-09,3.55,3.7698,3.9023,3.9644,23,6
2025-06-10,3.55,3.771,3.902,3.9647,23,6
2025-06-11,3.55,3.7424,3.8946,4.1022,24,6
2025-06-12,3.55,3.7639,3.8994,3.9979,24,6
2025-06-13,3.55,3.7585,3.8964,3.9653,24,6
2025-06-14,3.55,3.7628,3.8984,3.9645,24,6
2025-06-15,3.55,3.7672,3.9012,3.9643,24,6
2025-06-16,3.55,3.7699,3.9023,3.9644,24,6
2025-06-17,3.55,3.771,3.902,3.9647,24,6
2025-06-18,3.55,3.7424,3.8946,4.1022,25,6
2025-06-19,3.55,3.7639,3.8994,3.9979,25,6
2025-06-20,3.55,3.7585,3.8964,3.9653,25,6
2025-06-21,3.55,3.7628,3.8984,3.9645,25,6
2025-06-22,3.55,3.7672,3.9012,3.9643,25,6
2025-06-23,3.55,3.7699,3.9023,3.9644,25,6
2025-06-24,3.55,3.771,3.902,3.9647,25,6
2025-06-25,3.55,3.7424,3.8946,4.1022,26,6
2025-06-26,3.55,3.7639,3.8994,3.9979,26,6
2025-06-27,3.55,3.7585,3.8964,3.9653,26,6
2025-06-28,3.55,3.7628,3.8984,3.9644,26,6
2025-06-29,3.55,3.7672,3.9012,3.9643,26,6
2025-06-30,3.55,3.7699,3.9023,3.9644,26,6
2025-07-01,1.71,3.8182,3.9045,3.9656,26,7
2025-07-02,1.71,3.7972,3.9017,4.1014,27,7
2025-07-03,1.71,3.8179,3.905,4.0063,27,7
2025-07-04,1.71,3.8186,3.9083,3.9818,27,7
2025-07-05,1.71,3.8211,3.909,3.979,27,7
2025-07-06,1.71,3.824,3.9107,3.9774,27,7
2025-07-07,1.71,3.8259,3.9112,3.9768,27,7
2025-07-08,1.71,3.8266,3.9107,3.9768,27,7
2025-07-09,1.71,3.7993,3.9024,4.103,28,7
2025-07-10,1.71,3.8174,3.9055,4.0078,28,7
2025-07-11,1.71,3.8178,3.9086,3.9821,28,7
2025-07-12,1.71,3.8205,3.9091,3.9792,28,7
2025-07-13,1.71,3.8236,3.9107,3.9776,28,7
2025-07-14,1.71,3.8256,3.9112,3.9769,28,7
2025-07-15,1.71,3.8265,3.9107,3.9769,28,7
2025-07-16,1.71,3.7993,3.9025,4.1032,29,7
2025-07-17,1.71,3.8174,3.9056,4.0078,29,7
2025-07-18,1.71,3.8178,3.9086,3.9821,29,7
2025-07-19,1.71,3.8205,3.9091,3.9792,29,7
2025-07-20,1.71,3.8235,3.9107,3.9776,29,7
2025-07-21,1.71,3.8256,3.9112,3.9769,29,7
2025-07-22,1.71,3.8265,3.9107,3.9769,29,7
2025-07-23,1.71,3.7993,3.9025,4.1032,30,7
2025-07-24,1.71,3.8173,3.9056,4.0078,30,7
2025-07-25,1.71,3.8177,3.9087,3.9821,30,7
2025-07-26,1.71,3.8205,3.9091,3.9792,30,7
2025-07-27,1.71,3.8235,3.9107,3.9776,30,7
2025-07-28,1.71,3.8256,3.9111,3.9769,30,7
2025-07-29,1.71,3.8265,3.9107,3.9769,30,7
2025-07-30,1.71,3.7991,3.9028,4.1038,31,7
2025-07-31,1.71,3.8171,3.9059,4.0079,31,7
2025-08-01,1.35,3.8219,3.905,3.9786,31,8
2025-08-02,1.35,3.8259,3.9055,3.9771,31,8
2025-08-03,1.35,3.8296,3.9075,3.9761,31,8
2025-08-04,1.35,3.8316,3.9081,3.9755,31,8
2025-08-05,1.35,3.8324,3.9076,3.9753,31,8
2025-08-06,1.35,3.8059,3.901,4.1012,32,8
2025-08-07,1.35,3.8221,3.9025,4.0058,32,8
2025-08-08,1.35,3.8237,3.9063,3.9814,32,8
2025-08-09,1.35,3.8262,3.9063,3.978,32,8
2025-08-10,1.35,3.8292,3.9076,3.9761,32,8
2025-08-11,1.35,3.8312,3.908,3.9754,32,8
2025-08-12,1.35,3.8321,3.9075,3.9752,32,8
2025-08-13,1.35,3.8059,3.901,4.1013,33,8
2025-08-14,1.35,3.822,3.9025,4.0058,33,8
2025-08-15,1.35,3.8236,3.9063,3.9814,33,8
2025-08-16,1.35,3.8262,3.9063,3.978,33,8
2025-08-17,1.35,3.8292,3.9076,3.9761,33,8
2025-08-18,1.35,3.8312,3.908,3.9754,33,8
2025-08-19,1.35,3.8321,3.9075,3.9752,33,8
2025-08-20,1.35,3.8059,3.901,4.1013,34,8
2025-08-21,1.35,3.822,3.9025,4.0058,34,8
2025-08-22,1.35,3.8236,3.9063,3.9814,34,8
2025-08-23,1.35,3.8262,3.9063,3.978,34,8
2025-08-24,1.35,3.8292,3.9076,3.9761,34,8
2025-08-25,1.35,3.8312,3.908,3.9754,34,8
2025-08-26,1.35,3.8321,3.9075,3.9752,34,8
2025-08-27,1.35,3.8059,3.901,4.1013,35,8
2025-08-28,1.35,3.822,3.9025,4.0058,35,8
2025-08-29,1.35,3.8236,3.9063,3.9814,35,8
2025-08-30,1.35,3.8262,3.9063,3.978,35,8
2025-08-31,1.35,3.8292,3.9076,3.9761,35,8
2025-09-01,3.02,3.8022,3.919,3.9876,35,9
2025-09-02,3.02,3.7925,3.9119,3.9749,35,9
2025-09-03,3.02,3.7629,3.9011,4.1073,36,9
2025-09-04,3.02,3.7825,3.9059,4.0049,36,9
2025-09-05,3.02,3.7786,3.9042,3.9735,36,9
2025-09-06,3.02,3.7829,3.9055,3.9721,36,9
2025-09-07,3.02,3.7872,3.9079,3.9716,36,9
2025-09-08,3.02,3.7899,3.9088,3.9714,36,9
2025-09-09,3.02,3.7911,3.9085,3.9716,36,9
2025-09-10,3.02,3.7616,3.9,4.1058,37,9
2025-09-11,3.02,3.7831,3.9058,4.0044,37,9
2025-09-12,3.02,3.7792,3.904,3.9734,37,9
2025-09-13,3.02,3.7832,3.9055,3.972,37,9
2025-09-14,3.02,3.7874,3.9079,3.9715,37,9
2025-09-15,3.02,3.79,3.9089,3.9714,37,9
2025-09-16,3.02,3.7912,3.9086,3.9716,37,9
2025-09-17,3.02,3.7616,3.9,4.1058,38,9
2025-09-18,3.02,3.7831,3.9058,4.0044,38,9
2025-09-19,3.02,3.7792,3.904,3.9734,38,9
2025-09-20,3.02,3.7833,3.9055,3.972,38,9
2025-09-21,3.02,3.7874,3.9079,3.9715,38,9
2025-09-22,3.02,3.79,3.9089,3.9714,38,9
2025-09-23,3.02,3.7912,3.9086,3.9716,38,9
2025-09-24,3.02,3.7616,3.8999,4.1057,39,9
2025-09-25,3.02,3.7831,3.9058,4.0044,39,9
2025-09-26,3.02,3.7792,3.904,3.9734,39,9
2025-09-27,3.02,3.7833,3.9055,3.972,39,9
2025-09-28,3.02,3.7875,3.9079,3.9715,39,9
2025-09-29,3.02,3.79,3.9089,3.9714,39,9
2025-09-30,3.02,3.7912,3.9086,3.9716,39,9
2025-10-01,5.14,3.6796,3.875,4.0913,40,10
2025-10-02,5.14,3.682,3.8625,3.965,40,10
2025-10-03,5.14,3.6734,3.8565,3.9271,40,10
2025-10-04,5.14,3.6796,3.8597,3.9281,40,10
2025-10-05,5.14,3.6856,3.8636,3.9294,40,10
2025-10-06,5.14,3.6892,3.8652,3.9301,40,10
2025-10-07,5.14,3.6908,3.8653,3.9307,40,10
2025-10-08,5.14,3.6688,3.8686,4.0853,41,10
2025-10-09,5.14,3.6841,3.8634,3.9644,41,10
2025-10-10,5.14,3.6751,3.8565,3.9273,41,10
2025-10-11,5.14,3.681,3.8598,3.9282,41,10
2025-10-12,5.14,3.6865,3.8638,3.9293,41,10
2025-10-13,5.14,3.6898,3.8654,3.93,41,10
2025-10-14,5.14,3.6912,3.8654,3.9307,41,10
2025-10-15,5.14,3.6687,3.8684,4.0851,42,10
2025-10-16,5.14,3.6843,3.8635,3.9644,42,10
2025-10-17,5.14,3.6752,3.8565,3.9273,42,10
2025-10-18,5.14,3.681,3.8598,3.9282,42,10
2025-10-19,5.14,3.6866,3.8638,3.9293,42,10
2025-10-20,5.14,3.6898,3.8654,3.93,42,10
2025-10-21,5.14,3.6912,3.8654,3.9306,42,10
2025-10-22,5.14,3.6687,3.8684,4.085,43,10
2025-10-23,5.14,3.6843,3.8635,3.9644,43,10
2025-10-24,5.14,3.6752,3.8565,3.9273,43,10
2025-10-25,5.14,3.681,3.8598,3.9282,43,10
2025-10-26,5.14,3.6866,3.8638,3.9293,43,10
2025-10-27,5.14,3.6898,3.8654,3.93,43,10
2025-10-28,5.14,3.6912,3.8654,3.9306,43,10
2025-10-29,5.14,3.6687,3.868,4.0846,44,10
2025-10-30,5.14,3.6846,3.8634,3.9645,44,10
2025-10-31,5.14,3.6755,3.8565,3.9274,44,10
2025-11-01,13.29,3.7403,4.2328,4.4129,44,11
2025-11-02,13.29,3.7796,4.244,4.4381,44,11
2025-11-03,13.29,3.7914,4.2535,4.4387,44,11
2025-11-04,13.29,3.7982,4.2535,4.4386,44,11
2025-11-05,13.29,3.9015,4.4322,4.771,45,11
2025-11-06,13.29,3.7876,4.2477,4.4725,45,11
2025-11-07,13.29,3.7833,4.2407,4.437,45,11
2025-11-08,13.29,3.7906,4.2443,4.4373,45,11
2025-11-09,13.29,3.8028,4.2553,4.4445,45,11
2025-11-10,13.29,3.8098,4.2609,4.4486,45,11
2025-11-11,13.29,3.8133,4.263,4.4515,45,11
2025-11-12,13.29,3.8993,4.4287,4.7668,46,11
2025-11-13,13.29,3.7896,4.2487,4.473,46,11
2025-11-14,13.29,3.7843,4.2406,4.4373,46,11
2025-11-15,13.29,3.7914,4.2444,4.4377,46,11
2025-11-16,13.29,3.8033,4.2553,4.4447,46,11
2025-11-17,13.29,3.8101,4.261,4.4487,46,11
2025-11-18,13.29,3.8135,4.2631,4.4515,46,11
2025-11-19,13.29,3.8992,4.4285,4.7666,47,11
2025-11-20,13.29,3.7897,4.2487,4.4731,47,11
2025-11-21,13.29,3.7843,4.2406,4.4374,47,11
2025-11-22,13.29,3.7915,4.2444,4.4378,47,11
2025-11-23,13.29,3.8034,4.2553,4.4447,47,11
2025-11-24,13.29,3.8101,4.261,4.4487,47,11
2025-11-25,13.29,3.8135,4.2631,4.4515,47,11
2025-11-26,13.29,3.8982,4.4271,4.7654,48,11
2025-11-27,13.29,3.7898,4.2485,4.4731,48,11
2025-11-28,13.29,3.7843,4.2404,4.4373,48,11
2025-11-29,13.29,3.7915,4.2444,4.4378,48,11
2025-11-30,13.29,3.8034,4.2553,4.4446,48,11
2025-12-01,11.27,3.5417,3.9045,4.0502,48,12
2025-12-02,11.27,3.5164,3.8854,4.0245,48,12
2025-12-03,11.27,3.5547,3.9852,4.2788,49,12
2025-12-04,11.27,3.494,3.8693,4.0462,49,12
2025-12-05,11.27,3.4798,3.8546,4.0018,49,12
2025-12-06,11.27,3.4872,3.8603,4.0037,49,12
2025-12-07,11.27,3.4961,3.8687,4.0081,49,12
2025-12-08,11.27,3.5012,3.873,4.0109,49,12
2025-12-09,11.27,3.5035,3.8742,4.0129,49,12
2025-12-10,11.27,3.5567,3.9873,4.2812,50,12
2025-12-11,11.27,3.4927,3.8685,4.0459,50,12
2025-12-12,11.27,3.4792,3.8546,4.0016,50,12
2025-12-13,11.27,3.4867,3.8602,4.0036,50,12
2025-12-14,11.27,3.4958,3.8687,4.0081,50,12
2025-12-15,11.27,3.501,3.8729,4.0109,50,12
2025-12-16,11.27,3.5034,3.8741,4.0129,50,12
2025-12-17,11.27,3.5567,3.9874,4.2813,51,12
2025-12-18,11.27,3.4927,3.8685,4.0458,51,12
2025-12-19,11.27,3.4792,3.8546,4.0016,51,12
2025-12-20,11.27,3.4867,3.8602,4.0036,51,12
2025-12-21,11.27,3.4958,3.8687,4.0081,51,12
2025-12-22,11.27,3.501,3.8729,4.0109,51,12
2025-12-23,11.27,3.5034,3.8741,4.0129,51,12
2025-12-24,11.27,3.5568,3.9874,4.2814,52,12
2025-12-25,11.27,3.4927,3.8685,4.0458,52,12
2025-12-26,11.27,3.4792,3.8546,4.0016,52,12
2025-12-27,11.27,3.4867,3.8602,4.0036,52,12
2025-12-28,11.27,3.4958,3.8687,4.0081,52,12
2025-12-29,11.27,3.501,3.8729,4.0109,52,12
2025-12-30,11.27,3.5034,3.8741,4.0129,52,12
2025-12-31,11.27,3.5563,3.9877,4.2813,53,12
